"idnum","mother_fin_security_w2345"
"0001","Yes"
"0002","Yes"
"0003","Yes"
"0004","No"
"0005","Yes"
"0006","Yes"
"0007","No"
"0008","Yes"
"0009","Yes"
"0010","No"
"0011","Yes"
"0012","Yes"
"0013","Yes"
"0014","Yes"
"0015","Yes"
"0016","No"
"0017",NA
"0018","Yes"
"0019","Yes"
"0020","No"
"0021","No"
"0022","Yes"
"0023","Yes"
"0024","Yes"
"0025","Yes"
"0026","No"
"0027","Yes"
"0028","Yes"
"0029","Yes"
"0030","Yes"
"0031","Yes"
"0032","No"
"0033","Yes"
"0034","Yes"
"0035","No"
"0036","Yes"
"0037","Yes"
"0038","No"
"0039","Yes"
"0040","Yes"
"0041","Yes"
"0042","Yes"
"0043","Yes"
"0044","Yes"
"0045","Yes"
"0046","Yes"
"0047","Yes"
"0048","Yes"
"0049","No"
"0050",NA
"0051","No"
"0052","Yes"
"0053","Yes"
"0054","No"
"0055","No"
"0056","No"
"0057","Yes"
"0058","No"
"0059","No"
"0060","Yes"
"0061","Yes"
"0062","Yes"
"0063","No"
"0064","Yes"
"0065","No"
"0066","No"
"0067","Yes"
"0068","Yes"
"0069","Yes"
"0070","No"
"0071","Yes"
"0072","No"
"0073",NA
"0074","No"
"0075","Yes"
"0076","No"
"0077","Yes"
"0078",NA
"0079","No"
"0080","Yes"
"0081","Yes"
"0082","Yes"
"0083","No"
"0084","Yes"
"0085","No"
"0086","Yes"
"0087","Yes"
"0088","No"
"0089","Yes"
"0090","No"
"0091","No"
"0092","No"
"0093","No"
"0094","No"
"0095","Yes"
"0096","Yes"
"0097","Yes"
"0098","Yes"
"0099","Yes"
"0100","Yes"
"0101","Yes"
"0102","Yes"
"0103","Yes"
"0104","Yes"
"0105","No"
"0106","No"
"0107","No"
"0108","No"
"0109","Yes"
"0110","No"
"0111","Yes"
"0112","Yes"
"0113","No"
"0114","Yes"
"0115","No"
"0116","Yes"
"0117","Yes"
"0118","No"
"0119","Yes"
"0120","No"
"0121","Yes"
"0122","Yes"
"0123","No"
"0124","Yes"
"0125","No"
"0126","Yes"
"0127","No"
"0128","No"
"0129","No"
"0130","Yes"
"0131","Yes"
"0132","Yes"
"0133","Yes"
"0134","No"
"0135","No"
"0136","No"
"0137","Yes"
"0138","Yes"
"0139","Yes"
"0140","Yes"
"0141","No"
"0142","No"
"0143","No"
"0144","Yes"
"0145","No"
"0146","Yes"
"0147","No"
"0148","Yes"
"0149","No"
"0150","Yes"
"0151","Yes"
"0152","Yes"
"0153","Yes"
"0154","Yes"
"0155","No"
"0156","Yes"
"0157","Yes"
"0158","Yes"
"0159","Yes"
"0160","Yes"
"0161","Yes"
"0162","Yes"
"0163","No"
"0164","No"
"0165","No"
"0166","Yes"
"0167","No"
"0168","Yes"
"0169","No"
"0170","Yes"
"0171","Yes"
"0172","No"
"0173","Yes"
"0174","Yes"
"0175","Yes"
"0176","Yes"
"0177","Yes"
"0178","Yes"
"0179","Yes"
"0180","Yes"
"0181","Yes"
"0182","Yes"
"0183","Yes"
"0184","Yes"
"0185",NA
"0186","Yes"
"0187","Yes"
"0188","Yes"
"0189","Yes"
"0190","Yes"
"0191","Yes"
"0192","Yes"
"0193","No"
"0194","Yes"
"0195",NA
"0196","Yes"
"0197","Yes"
"0198","No"
"0199","Yes"
"0200",NA
"0201","No"
"0202","Yes"
"0203","No"
"0204","No"
"0205","Yes"
"0206","Yes"
"0207","No"
"0208",NA
"0209","Yes"
"0210","Yes"
"0211","Yes"
"0212","No"
"0213","Yes"
"0214","No"
"0215","Yes"
"0216","Yes"
"0217","No"
"0218","No"
"0219","Yes"
"0220","No"
"0221","No"
"0222","No"
"0223","No"
"0224","Yes"
"0225","Yes"
"0226","Yes"
"0227","Yes"
"0228","Yes"
"0229","Yes"
"0230","Yes"
"0231","No"
"0232","Yes"
"0233","Yes"
"0234","Yes"
"0235","No"
"0236","No"
"0237","No"
"0238","No"
"0239",NA
"0240","Yes"
"0241","Yes"
"0242","No"
"0243","No"
"0244","Yes"
"0245","Yes"
"0246","No"
"0247","Yes"
"0248","Yes"
"0249","No"
"0250","No"
"0251","No"
"0252","Yes"
"0253","Yes"
"0254","No"
"0255","Yes"
"0256","Yes"
"0257","Yes"
"0258","Yes"
"0259","Yes"
"0260","Yes"
"0261","Yes"
"0262","Yes"
"0263","Yes"
"0264","No"
"0265","Yes"
"0266","Yes"
"0267","Yes"
"0268","Yes"
"0269",NA
"0270","Yes"
"0271","No"
"0272","Yes"
"0273","Yes"
"0274","Yes"
"0275","No"
"0276","No"
"0277","Yes"
"0278","No"
"0279","No"
"0280","Yes"
"0281","Yes"
"0282","Yes"
"0283","No"
"0284","No"
"0285","Yes"
"0286","No"
"0287","Yes"
"0288","No"
"0289","Yes"
"0290",NA
"0291","No"
"0292","Yes"
"0293","Yes"
"0294","No"
"0295","No"
"0296","No"
"0297","Yes"
"0298","Yes"
"0299","Yes"
"0300","No"
"0301","No"
"0302","No"
"0303","Yes"
"0304","Yes"
"0305","Yes"
"0306","Yes"
"0307","No"
"0308","Yes"
"0309","No"
"0310","Yes"
"0311","Yes"
"0312","Yes"
"0313","Yes"
"0314","No"
"0315","Yes"
"0316","Yes"
"0317","No"
"0318","Yes"
"0319","Yes"
"0320","Yes"
"0321","No"
"0322","Yes"
"0323","No"
"0324","Yes"
"0325","No"
"0326","No"
"0327","Yes"
"0328","No"
"0329","No"
"0330","Yes"
"0331","Yes"
"0332","No"
"0333","Yes"
"0334","No"
"0335","Yes"
"0336","Yes"
"0337","Yes"
"0338","Yes"
"0339","Yes"
"0340","Yes"
"0341","Yes"
"0342","Yes"
"0343","Yes"
"0344","Yes"
"0345","Yes"
"0346","No"
"0347","Yes"
"0348","Yes"
"0349","Yes"
"0350","No"
"0351","Yes"
"0352","Yes"
"0353","No"
"0354","No"
"0355","Yes"
"0356","Yes"
"0357","No"
"0358","No"
"0359","No"
"0360","No"
"0361","Yes"
"0362","Yes"
"0363","Yes"
"0364","Yes"
"0365","No"
"0366","Yes"
"0367","Yes"
"0368",NA
"0369","Yes"
"0370","Yes"
"0371","No"
"0372","No"
"0373","Yes"
"0374","No"
"0375","No"
"0376","No"
"0377","Yes"
"0378","Yes"
"0379","Yes"
"0380","Yes"
"0381","Yes"
"0382","Yes"
"0383","Yes"
"0384","No"
"0385","No"
"0386","No"
"0387","Yes"
"0388","Yes"
"0389","Yes"
"0390","No"
"0391","Yes"
"0392","Yes"
"0393","Yes"
"0394","Yes"
"0395",NA
"0396","No"
"0397","No"
"0398","Yes"
"0399","No"
"0400","No"
"0401","Yes"
"0402","Yes"
"0403","Yes"
"0404","No"
"0405","Yes"
"0406","Yes"
"0407","Yes"
"0408","No"
"0409","Yes"
"0410","No"
"0411","No"
"0412",NA
"0413","No"
"0414","Yes"
"0415","No"
"0416","Yes"
"0417","Yes"
"0418","Yes"
"0419","Yes"
"0420","No"
"0421","Yes"
"0422","Yes"
"0423","Yes"
"0424","Yes"
"0425","Yes"
"0426","Yes"
"0427","No"
"0428","No"
"0429","No"
"0430","No"
"0431","No"
"0432","Yes"
"0433","Yes"
"0434","Yes"
"0435","No"
"0436","Yes"
"0437","Yes"
"0438","Yes"
"0439","Yes"
"0440","No"
"0441","Yes"
"0442","Yes"
"0443","Yes"
"0444","Yes"
"0445","No"
"0446","Yes"
"0447","Yes"
"0448","Yes"
"0449","Yes"
"0450","No"
"0451","No"
"0452","Yes"
"0453","Yes"
"0454","No"
"0455","Yes"
"0456","No"
"0457","No"
"0458","No"
"0459","Yes"
"0460","Yes"
"0461",NA
"0462",NA
"0463","Yes"
"0464","No"
"0465","Yes"
"0466","Yes"
"0467","Yes"
"0468","Yes"
"0469","No"
"0470","Yes"
"0471","Yes"
"0472","Yes"
"0473","No"
"0474","Yes"
"0475","Yes"
"0476","Yes"
"0477","No"
"0478","Yes"
"0479","No"
"0480","No"
"0481","Yes"
"0482","Yes"
"0483","No"
"0484","Yes"
"0485",NA
"0486","Yes"
"0487","Yes"
"0488","Yes"
"0489","Yes"
"0490","Yes"
"0491","Yes"
"0492","Yes"
"0493","Yes"
"0494","No"
"0495","Yes"
"0496","Yes"
"0497","Yes"
"0498","Yes"
"0499","Yes"
"0500","Yes"
"0501","Yes"
"0502","Yes"
"0503","No"
"0504","Yes"
"0505",NA
"0506","No"
"0507","Yes"
"0508","No"
"0509","Yes"
"0510","Yes"
"0511","Yes"
"0512","No"
"0513","No"
"0514","Yes"
"0515","Yes"
"0516","No"
"0517","No"
"0518",NA
"0519","No"
"0520","Yes"
"0521","Yes"
"0522","Yes"
"0523","No"
"0524","Yes"
"0525","Yes"
"0526","Yes"
"0527","Yes"
"0528","No"
"0529","Yes"
"0530","No"
"0531","No"
"0532","No"
"0533","Yes"
"0534","No"
"0535","No"
"0536","No"
"0537",NA
"0538","Yes"
"0539","Yes"
"0540","Yes"
"0541","No"
"0542","No"
"0543","Yes"
"0544","Yes"
"0545","No"
"0546","No"
"0547","Yes"
"0548","Yes"
"0549","Yes"
"0550","No"
"0551","No"
"0552","Yes"
"0553","Yes"
"0554","Yes"
"0555","Yes"
"0556","Yes"
"0557","Yes"
"0558","Yes"
"0559","Yes"
"0560","No"
"0561","No"
"0562","Yes"
"0563","Yes"
"0564","Yes"
"0565","No"
"0566","Yes"
"0567","No"
"0568","No"
"0569","No"
"0570","Yes"
"0571","Yes"
"0572","No"
"0573","No"
"0574","No"
"0575","No"
"0576","Yes"
"0577","Yes"
"0578","No"
"0579","Yes"
"0580","Yes"
"0581","No"
"0582","Yes"
"0583","No"
"0584",NA
"0585","No"
"0586","Yes"
"0587","Yes"
"0588",NA
"0589","Yes"
"0590","No"
"0591","No"
"0592","No"
"0593","No"
"0594","Yes"
"0595","Yes"
"0596","No"
"0597","Yes"
"0598","Yes"
"0599","Yes"
"0600","Yes"
"0601","Yes"
"0602","Yes"
"0603",NA
"0604","Yes"
"0605","No"
"0606","Yes"
"0607","No"
"0608","No"
"0609","Yes"
"0610","No"
"0611","No"
"0612","Yes"
"0613","Yes"
"0614","No"
"0615","No"
"0616","Yes"
"0617","Yes"
"0618",NA
"0619","Yes"
"0620","Yes"
"0621","No"
"0622","No"
"0623","Yes"
"0624","Yes"
"0625","No"
"0626","No"
"0627","Yes"
"0628","Yes"
"0629","No"
"0630","No"
"0631","Yes"
"0632","No"
"0633",NA
"0634","Yes"
"0635","Yes"
"0636","Yes"
"0637","Yes"
"0638","Yes"
"0639","Yes"
"0640","Yes"
"0641","Yes"
"0642","Yes"
"0643","Yes"
"0644",NA
"0645","No"
"0646","Yes"
"0647","No"
"0648","Yes"
"0649","Yes"
"0650","Yes"
"0651","Yes"
"0652","No"
"0653","Yes"
"0654","Yes"
"0655","Yes"
"0656","Yes"
"0657","No"
"0658","No"
"0659","No"
"0660","Yes"
"0661","No"
"0662","Yes"
"0663","Yes"
"0664","Yes"
"0665","No"
"0666","No"
"0667","Yes"
"0668","Yes"
"0669","Yes"
"0670","Yes"
"0671","Yes"
"0672","Yes"
"0673","Yes"
"0674","Yes"
"0675","No"
"0676","No"
"0677","No"
"0678","Yes"
"0679","Yes"
"0680","Yes"
"0681","No"
"0682","No"
"0683","No"
"0684","Yes"
"0685","Yes"
"0686","Yes"
"0687","No"
"0688","No"
"0689","Yes"
"0690","Yes"
"0691","Yes"
"0692","Yes"
"0693","Yes"
"0694","Yes"
"0695",NA
"0696","No"
"0697","Yes"
"0698","Yes"
"0699","Yes"
"0700","No"
"0701","Yes"
"0702","Yes"
"0703","No"
"0704","Yes"
"0705","Yes"
"0706","No"
"0707","Yes"
"0708","Yes"
"0709","Yes"
"0710","Yes"
"0711","Yes"
"0712","Yes"
"0713","No"
"0714","Yes"
"0715","Yes"
"0716","Yes"
"0717","Yes"
"0718","Yes"
"0719","Yes"
"0720","Yes"
"0721","Yes"
"0722","No"
"0723","Yes"
"0724","No"
"0725","Yes"
"0726","No"
"0727","Yes"
"0728","Yes"
"0729","No"
"0730","No"
"0731","Yes"
"0732","Yes"
"0733","Yes"
"0734",NA
"0735","No"
"0736","Yes"
"0737","No"
"0738","Yes"
"0739","Yes"
"0740","Yes"
"0741","No"
"0742","No"
"0743","Yes"
"0744","No"
"0745","Yes"
"0746","Yes"
"0747","Yes"
"0748","Yes"
"0749","No"
"0750",NA
"0751","Yes"
"0752","No"
"0753","Yes"
"0754","No"
"0755","No"
"0756","Yes"
"0757","Yes"
"0758","Yes"
"0759","No"
"0760","No"
"0761","No"
"0762","Yes"
"0763","No"
"0764","Yes"
"0765","Yes"
"0766","No"
"0767","Yes"
"0768","No"
"0769","Yes"
"0770","No"
"0771","No"
"0772","Yes"
"0773","No"
"0774","Yes"
"0775","Yes"
"0776","Yes"
"0777","No"
"0778","Yes"
"0779","Yes"
"0780",NA
"0781","No"
"0782","Yes"
"0783","Yes"
"0784","Yes"
"0785","Yes"
"0786","Yes"
"0787","Yes"
"0788","Yes"
"0789","Yes"
"0790","No"
"0791","Yes"
"0792","Yes"
"0793","Yes"
"0794","Yes"
"0795","Yes"
"0796","Yes"
"0797",NA
"0798","No"
"0799","No"
"0800","Yes"
"0801","Yes"
"0802","No"
"0803","Yes"
"0804","Yes"
"0805","Yes"
"0806",NA
"0807","Yes"
"0808","Yes"
"0809","No"
"0810","Yes"
"0811","No"
"0812","Yes"
"0813","Yes"
"0814","Yes"
"0815","Yes"
"0816","Yes"
"0817","No"
"0818","Yes"
"0819","Yes"
"0820","No"
"0821","Yes"
"0822","No"
"0823","Yes"
"0824","Yes"
"0825","Yes"
"0826","Yes"
"0827","No"
"0828","No"
"0829","Yes"
"0830","Yes"
"0831","No"
"0832","Yes"
"0833","No"
"0834","No"
"0835","Yes"
"0836","No"
"0837","No"
"0838","Yes"
"0839","Yes"
"0840",NA
"0841","Yes"
"0842","No"
"0843","No"
"0844","No"
"0845","Yes"
"0846","No"
"0847","Yes"
"0848","Yes"
"0849",NA
"0850","Yes"
"0851","Yes"
"0852","Yes"
"0853","No"
"0854","Yes"
"0855",NA
"0856","No"
"0857","No"
"0858","Yes"
"0859","No"
"0860","Yes"
"0861","No"
"0862","No"
"0863","No"
"0864","No"
"0865","Yes"
"0866","Yes"
"0867","Yes"
"0868","No"
"0869","Yes"
"0870","Yes"
"0871","Yes"
"0872","No"
"0873","Yes"
"0874","Yes"
"0875","No"
"0876","Yes"
"0877","Yes"
"0878","Yes"
"0879","Yes"
"0880","No"
"0881","Yes"
"0882","Yes"
"0883","Yes"
"0884","No"
"0885","Yes"
"0886","Yes"
"0887","Yes"
"0888","Yes"
"0889","No"
"0890","No"
"0891","No"
"0892","Yes"
"0893","No"
"0894","Yes"
"0895",NA
"0896","No"
"0897","Yes"
"0898","No"
"0899","Yes"
"0900","Yes"
"0901","Yes"
"0902","Yes"
"0903","Yes"
"0904","Yes"
"0905","Yes"
"0906","Yes"
"0907","No"
"0908","Yes"
"0909","No"
"0910","Yes"
"0911","Yes"
"0912","No"
"0913","Yes"
"0914","Yes"
"0915","Yes"
"0916","Yes"
"0917","No"
"0918","No"
"0919","No"
"0920","Yes"
"0921","Yes"
"0922","No"
"0923","Yes"
"0924","Yes"
"0925","Yes"
"0926","No"
"0927","Yes"
"0928",NA
"0929","Yes"
"0930","No"
"0931","Yes"
"0932","Yes"
"0933","No"
"0934","No"
"0935","Yes"
"0936","No"
"0937","Yes"
"0938","Yes"
"0939","No"
"0940","No"
"0941","No"
"0942","Yes"
"0943","Yes"
"0944","Yes"
"0945","Yes"
"0946","Yes"
"0947","Yes"
"0948","No"
"0949","No"
"0950","No"
"0951","No"
"0952","Yes"
"0953","No"
"0954","No"
"0955","Yes"
"0956","Yes"
"0957","Yes"
"0958","Yes"
"0959","No"
"0960","Yes"
"0961","Yes"
"0962","Yes"
"0963","Yes"
"0964","Yes"
"0965","No"
"0966","No"
"0967","No"
"0968","Yes"
"0969","No"
"0970","Yes"
"0971","Yes"
"0972","No"
"0973","Yes"
"0974","Yes"
"0975","Yes"
"0976","No"
"0977","No"
"0978","Yes"
"0979","Yes"
"0980",NA
"0981",NA
"0982","Yes"
"0983","No"
"0984","No"
"0985","Yes"
"0986","Yes"
"0987","Yes"
"0988","No"
"0989","No"
"0990","Yes"
"0991","Yes"
"0992","Yes"
"0993","Yes"
"0994","No"
"0995","No"
"0996","Yes"
"0997","Yes"
"0998","Yes"
"0999",NA
"1000","Yes"
"1001","Yes"
"1002","No"
"1003","Yes"
"1004","No"
"1005","No"
"1006","Yes"
"1007","Yes"
"1008","No"
"1009","No"
"1010","Yes"
"1011","Yes"
"1012","Yes"
"1013",NA
"1014","Yes"
"1015","Yes"
"1016","Yes"
"1017","Yes"
"1018","Yes"
"1019","Yes"
"1020","No"
"1021","No"
"1022","Yes"
"1023","No"
"1024","Yes"
"1025","Yes"
"1026","No"
"1027","Yes"
"1028","Yes"
"1029","No"
"1030","No"
"1031","No"
"1032","No"
"1033","No"
"1034","Yes"
"1035","Yes"
"1036","Yes"
"1037","No"
"1038","Yes"
"1039","No"
"1040",NA
"1041","Yes"
"1042","Yes"
"1043","Yes"
"1044","Yes"
"1045","Yes"
"1046","Yes"
"1047","No"
"1048","Yes"
"1049","Yes"
"1050","No"
"1051","Yes"
"1052","Yes"
"1053","Yes"
"1054","Yes"
"1055","Yes"
"1056","Yes"
"1057","No"
"1058","No"
"1059","No"
"1060","No"
"1061","No"
"1062","Yes"
"1063","Yes"
"1064","Yes"
"1065","Yes"
"1066","No"
"1067","Yes"
"1068","No"
"1069","Yes"
"1070","No"
"1071","No"
"1072","No"
"1073","Yes"
"1074","No"
"1075","Yes"
"1076","No"
"1077","No"
"1078","No"
"1079","Yes"
"1080",NA
"1081","No"
"1082","Yes"
"1083","No"
"1084","Yes"
"1085","Yes"
"1086","Yes"
"1087","Yes"
"1088","No"
"1089","Yes"
"1090","No"
"1091","Yes"
"1092","No"
"1093","Yes"
"1094","No"
"1095","Yes"
"1096","Yes"
"1097","No"
"1098","Yes"
"1099","Yes"
"1100","Yes"
"1101","Yes"
"1102","Yes"
"1103","No"
"1104","Yes"
"1105","No"
"1106","No"
"1107","Yes"
"1108","Yes"
"1109","Yes"
"1110","Yes"
"1111",NA
"1112","No"
"1113","Yes"
"1114","No"
"1115","Yes"
"1116","Yes"
"1117","Yes"
"1118","Yes"
"1119","No"
"1120","No"
"1121","No"
"1122","Yes"
"1123","Yes"
"1124","Yes"
"1125","Yes"
"1126","Yes"
"1127",NA
"1128","Yes"
"1129","Yes"
"1130","Yes"
"1131","Yes"
"1132",NA
"1133","Yes"
"1134","Yes"
"1135","No"
"1136","Yes"
"1137","No"
"1138","Yes"
"1139","Yes"
"1140","Yes"
"1141","No"
"1142",NA
"1143","Yes"
"1144",NA
"1145","No"
"1146","Yes"
"1147","Yes"
"1148","No"
"1149","Yes"
"1150","Yes"
"1151","Yes"
"1152","Yes"
"1153",NA
"1154","Yes"
"1155","No"
"1156","Yes"
"1157","Yes"
"1158","Yes"
"1159","No"
"1160","No"
"1161","No"
"1162","No"
"1163","Yes"
"1164","No"
"1165",NA
"1166","No"
"1167","Yes"
"1168","Yes"
"1169","Yes"
"1170","Yes"
"1171","No"
"1172","Yes"
"1173","Yes"
"1174","Yes"
"1175","Yes"
"1176","Yes"
"1177","Yes"
"1178","Yes"
"1179","Yes"
"1180","Yes"
"1181","Yes"
"1182","No"
"1183","Yes"
"1184","No"
"1185","Yes"
"1186","Yes"
"1187","No"
"1188","Yes"
"1189","No"
"1190","No"
"1191","Yes"
"1192","Yes"
"1193","Yes"
"1194","Yes"
"1195","Yes"
"1196","Yes"
"1197","Yes"
"1198","No"
"1199","No"
"1200","No"
"1201","Yes"
"1202","Yes"
"1203","Yes"
"1204","Yes"
"1205","No"
"1206","Yes"
"1207","Yes"
"1208","Yes"
"1209","Yes"
"1210","Yes"
"1211","Yes"
"1212","Yes"
"1213","Yes"
"1214","No"
"1215","Yes"
"1216","No"
"1217","Yes"
"1218","Yes"
"1219","No"
"1220","Yes"
"1221","Yes"
"1222","No"
"1223","Yes"
"1224","Yes"
"1225","Yes"
"1226","Yes"
"1227","No"
"1228","Yes"
"1229",NA
"1230","No"
"1231","Yes"
"1232","Yes"
"1233","Yes"
"1234","No"
"1235","No"
"1236","No"
"1237","Yes"
"1238","Yes"
"1239","Yes"
"1240","No"
"1241","Yes"
"1242","Yes"
"1243","No"
"1244","Yes"
"1245",NA
"1246","Yes"
"1247","No"
"1248","No"
"1249","Yes"
"1250","Yes"
"1251",NA
"1252","No"
"1253",NA
"1254","No"
"1255","Yes"
"1256","No"
"1257","Yes"
"1258",NA
"1259","Yes"
"1260","No"
"1261","Yes"
"1262","Yes"
"1263","Yes"
"1264","No"
"1265","Yes"
"1266","No"
"1267","No"
"1268","Yes"
"1269","Yes"
"1270","Yes"
"1271","Yes"
"1272",NA
"1273","No"
"1274","Yes"
"1275",NA
"1276","Yes"
"1277","No"
"1278","No"
"1279","No"
"1280","Yes"
"1281","Yes"
"1282","Yes"
"1283","Yes"
"1284","Yes"
"1285","No"
"1286","Yes"
"1287",NA
"1288","Yes"
"1289","No"
"1290","No"
"1291","No"
"1292","No"
"1293","Yes"
"1294","No"
"1295","Yes"
"1296","No"
"1297","No"
"1298","Yes"
"1299","Yes"
"1300","Yes"
"1301","Yes"
"1302","Yes"
"1303","No"
"1304","No"
"1305","Yes"
"1306",NA
"1307","Yes"
"1308","Yes"
"1309","Yes"
"1310",NA
"1311","Yes"
"1312","Yes"
"1313","No"
"1314","Yes"
"1315","No"
"1316","Yes"
"1317","No"
"1318","Yes"
"1319","No"
"1320","Yes"
"1321","No"
"1322","Yes"
"1323","No"
"1324","No"
"1325",NA
"1326","Yes"
"1327","No"
"1328","No"
"1329","No"
"1330","No"
"1331","No"
"1332","Yes"
"1333","No"
"1334","Yes"
"1335","No"
"1336","Yes"
"1337","No"
"1338","No"
"1339","Yes"
"1340","Yes"
"1341","No"
"1342","Yes"
"1343","No"
"1344","No"
"1345","No"
"1346","Yes"
"1347","Yes"
"1348","Yes"
"1349","Yes"
"1350","Yes"
"1351","No"
"1352","Yes"
"1353","No"
"1354","Yes"
"1355","Yes"
"1356","No"
"1357","Yes"
"1358","Yes"
"1359","Yes"
"1360","Yes"
"1361","No"
"1362","No"
"1363","No"
"1364","Yes"
"1365","Yes"
"1366","Yes"
"1367","Yes"
"1368","Yes"
"1369","Yes"
"1370","No"
"1371","Yes"
"1372","Yes"
"1373","Yes"
"1374",NA
"1375","Yes"
"1376","Yes"
"1377","Yes"
"1378","No"
"1379","No"
"1380","Yes"
"1381","Yes"
"1382","Yes"
"1383","No"
"1384","Yes"
"1385","Yes"
"1386","No"
"1387","Yes"
"1388","Yes"
"1389","No"
"1390","Yes"
"1391","No"
"1392","Yes"
"1393","No"
"1394","No"
"1395","Yes"
"1396","No"
"1397","Yes"
"1398","No"
"1399","No"
"1400","Yes"
"1401","Yes"
"1402","No"
"1403","No"
"1404","No"
"1405","Yes"
"1406","No"
"1407","Yes"
"1408","Yes"
"1409","Yes"
"1410","No"
"1411","No"
"1412","No"
"1413","Yes"
"1414","No"
"1415","Yes"
"1416","Yes"
"1417","No"
"1418","Yes"
"1419","Yes"
"1420","Yes"
"1421","Yes"
"1422","Yes"
"1423","Yes"
"1424","No"
"1425","Yes"
"1426","No"
"1427","Yes"
"1428",NA
"1429","No"
"1430","Yes"
"1431","Yes"
"1432","No"
"1433","Yes"
"1434","Yes"
"1435","No"
"1436","Yes"
"1437","No"
"1438","No"
"1439","Yes"
"1440","No"
"1441",NA
"1442","No"
"1443","No"
"1444","No"
"1445","Yes"
"1446","No"
"1447","Yes"
"1448","Yes"
"1449","No"
"1450","No"
"1451","Yes"
"1452","No"
"1453","Yes"
"1454",NA
"1455","No"
"1456","Yes"
"1457","Yes"
"1458","Yes"
"1459","Yes"
"1460","Yes"
"1461","Yes"
"1462","No"
"1463","Yes"
"1464","Yes"
"1465","No"
"1466","Yes"
"1467","No"
"1468",NA
"1469","No"
"1470","No"
"1471","No"
"1472","No"
"1473","Yes"
"1474","Yes"
"1475","Yes"
"1476","No"
"1477","Yes"
"1478",NA
"1479","Yes"
"1480","No"
"1481","No"
"1482","No"
"1483","Yes"
"1484","No"
"1485","No"
"1486","Yes"
"1487","Yes"
"1488","Yes"
"1489","No"
"1490","No"
"1491","Yes"
"1492","No"
"1493","Yes"
"1494","Yes"
"1495","Yes"
"1496","Yes"
"1497","Yes"
"1498","No"
"1499","Yes"
"1500","Yes"
"1501","Yes"
"1502","No"
"1503","Yes"
"1504","Yes"
"1505","Yes"
"1506","No"
"1507","Yes"
"1508","Yes"
"1509","No"
"1510","Yes"
"1511","Yes"
"1512","No"
"1513",NA
"1514","Yes"
"1515","Yes"
"1516","Yes"
"1517","No"
"1518","Yes"
"1519","Yes"
"1520","No"
"1521","Yes"
"1522","No"
"1523","Yes"
"1524","No"
"1525","Yes"
"1526","Yes"
"1527","Yes"
"1528","Yes"
"1529","Yes"
"1530","No"
"1531","No"
"1532","Yes"
"1533","No"
"1534","No"
"1535","Yes"
"1536","No"
"1537","Yes"
"1538","Yes"
"1539","No"
"1540","No"
"1541","Yes"
"1542","No"
"1543","No"
"1544","No"
"1545","Yes"
"1546","Yes"
"1547","No"
"1548","Yes"
"1549","No"
"1550","No"
"1551","No"
"1552","Yes"
"1553","No"
"1554","No"
"1555","Yes"
"1556","Yes"
"1557","No"
"1558","No"
"1559","No"
"1560","Yes"
"1561","Yes"
"1562","No"
"1563","Yes"
"1564","Yes"
"1565","Yes"
"1566","Yes"
"1567","Yes"
"1568","Yes"
"1569","Yes"
"1570","No"
"1571","No"
"1572","Yes"
"1573","No"
"1574","No"
"1575","No"
"1576","Yes"
"1577","Yes"
"1578","Yes"
"1579","Yes"
"1580","Yes"
"1581","No"
"1582","Yes"
"1583","No"
"1584","No"
"1585","No"
"1586","Yes"
"1587","No"
"1588","Yes"
"1589","Yes"
"1590","No"
"1591","No"
"1592","Yes"
"1593","Yes"
"1594","No"
"1595","Yes"
"1596","No"
"1597","Yes"
"1598","Yes"
"1599","No"
"1600","No"
"1601","No"
"1602","Yes"
"1603","No"
"1604","No"
"1605","No"
"1606","Yes"
"1607","No"
"1608","Yes"
"1609","Yes"
"1610","Yes"
"1611","No"
"1612","Yes"
"1613","No"
"1614","No"
"1615","No"
"1616","No"
"1617","No"
"1618","No"
"1619","Yes"
"1620","Yes"
"1621","No"
"1622","Yes"
"1623","Yes"
"1624","No"
"1625","No"
"1626","No"
"1627","No"
"1628","No"
"1629","No"
"1630","Yes"
"1631","No"
"1632","Yes"
"1633","Yes"
"1634","Yes"
"1635","Yes"
"1636","Yes"
"1637","No"
"1638","Yes"
"1639","Yes"
"1640","Yes"
"1641","No"
"1642","Yes"
"1643","No"
"1644","No"
"1645","Yes"
"1646","Yes"
"1647","Yes"
"1648","No"
"1649","No"
"1650","Yes"
"1651","Yes"
"1652","Yes"
"1653","No"
"1654","Yes"
"1655","Yes"
"1656","Yes"
"1657","No"
"1658","Yes"
"1659",NA
"1660","No"
"1661","No"
"1662","No"
"1663","No"
"1664","Yes"
"1665","Yes"
"1666","No"
"1667","Yes"
"1668","Yes"
"1669","Yes"
"1670","Yes"
"1671","Yes"
"1672","Yes"
"1673","Yes"
"1674","Yes"
"1675","Yes"
"1676","No"
"1677","Yes"
"1678","No"
"1679","No"
"1680","No"
"1681","Yes"
"1682","No"
"1683","Yes"
"1684","Yes"
"1685","No"
"1686","No"
"1687","No"
"1688","No"
"1689","No"
"1690",NA
"1691",NA
"1692","Yes"
"1693","Yes"
"1694","No"
"1695","No"
"1696","Yes"
"1697","Yes"
"1698","No"
"1699","Yes"
"1700","Yes"
"1701","No"
"1702","Yes"
"1703","Yes"
"1704","Yes"
"1705","Yes"
"1706","No"
"1707","Yes"
"1708","No"
"1709","Yes"
"1710","Yes"
"1711","Yes"
"1712",NA
"1713","Yes"
"1714","No"
"1715","Yes"
"1716","Yes"
"1717","Yes"
"1718","No"
"1719","No"
"1720","No"
"1721","Yes"
"1722","Yes"
"1723","Yes"
"1724",NA
"1725","No"
"1726","Yes"
"1727","Yes"
"1728","Yes"
"1729","No"
"1730","No"
"1731","Yes"
"1732","Yes"
"1733","Yes"
"1734","Yes"
"1735","No"
"1736",NA
"1737","No"
"1738","Yes"
"1739","Yes"
"1740","No"
"1741","Yes"
"1742","Yes"
"1743","Yes"
"1744","Yes"
"1745","Yes"
"1746","No"
"1747","Yes"
"1748","Yes"
"1749","Yes"
"1750","Yes"
"1751","No"
"1752","No"
"1753","Yes"
"1754","Yes"
"1755","Yes"
"1756","Yes"
"1757","No"
"1758","No"
"1759","Yes"
"1760","Yes"
"1761","No"
"1762","Yes"
"1763","No"
"1764","Yes"
"1765","No"
"1766","Yes"
"1767","Yes"
"1768","No"
"1769","Yes"
"1770","Yes"
"1771","Yes"
"1772","No"
"1773","Yes"
"1774","Yes"
"1775","No"
"1776","Yes"
"1777","Yes"
"1778","Yes"
"1779","Yes"
"1780","Yes"
"1781","Yes"
"1782","Yes"
"1783","No"
"1784","No"
"1785","No"
"1786","Yes"
"1787","Yes"
"1788","No"
"1789","No"
"1790","Yes"
"1791","No"
"1792","Yes"
"1793","Yes"
"1794","No"
"1795","Yes"
"1796","No"
"1797","No"
"1798","No"
"1799","Yes"
"1800","No"
"1801","No"
"1802","Yes"
"1803","Yes"
"1804","Yes"
"1805","Yes"
"1806","No"
"1807","Yes"
"1808","No"
"1809","Yes"
"1810","No"
"1811","Yes"
"1812","Yes"
"1813","No"
"1814","Yes"
"1815","Yes"
"1816","No"
"1817","No"
"1818","No"
"1819","No"
"1820","Yes"
"1821","Yes"
"1822","Yes"
"1823","Yes"
"1824","Yes"
"1825","Yes"
"1826","No"
"1827","No"
"1828","Yes"
"1829",NA
"1830","Yes"
"1831","Yes"
"1832","Yes"
"1833","Yes"
"1834","Yes"
"1835","Yes"
"1836","Yes"
"1837","Yes"
"1838","Yes"
"1839","No"
"1840","Yes"
"1841","Yes"
"1842","No"
"1843","Yes"
"1844","Yes"
"1845","Yes"
"1846","Yes"
"1847",NA
"1848","Yes"
"1849","No"
"1850","Yes"
"1851","No"
"1852","Yes"
"1853","Yes"
"1854",NA
"1855","Yes"
"1856","Yes"
"1857","Yes"
"1858","No"
"1859","Yes"
"1860","Yes"
"1861","Yes"
"1862","Yes"
"1863","No"
"1864","No"
"1865","No"
"1866","Yes"
"1867","No"
"1868","Yes"
"1869","No"
"1870","No"
"1871","Yes"
"1872","No"
"1873","Yes"
"1874","No"
"1875","No"
"1876","No"
"1877","Yes"
"1878","No"
"1879","Yes"
"1880",NA
"1881","Yes"
"1882","Yes"
"1883","Yes"
"1884","Yes"
"1885","Yes"
"1886","Yes"
"1887","Yes"
"1888","No"
"1889","No"
"1890","Yes"
"1891","Yes"
"1892","No"
"1893","Yes"
"1894",NA
"1895","Yes"
"1896","Yes"
"1897","Yes"
"1898","Yes"
"1899","Yes"
"1900","Yes"
"1901","Yes"
"1902","Yes"
"1903","No"
"1904","No"
"1905","No"
"1906","No"
"1907","Yes"
"1908","No"
"1909","Yes"
"1910","Yes"
"1911","Yes"
"1912","No"
"1913","No"
"1914","Yes"
"1915",NA
"1916","Yes"
"1917","Yes"
"1918","Yes"
"1919","No"
"1920","Yes"
"1921","Yes"
"1922","No"
"1923","No"
"1924","Yes"
"1925","Yes"
"1926","No"
"1927","Yes"
"1928","Yes"
"1929","Yes"
"1930","Yes"
"1931","Yes"
"1932","Yes"
"1933","Yes"
"1934","Yes"
"1935","Yes"
"1936","Yes"
"1937","No"
"1938","Yes"
"1939","No"
"1940","Yes"
"1941","Yes"
"1942","Yes"
"1943","No"
"1944","Yes"
"1945","Yes"
"1946","No"
"1947","Yes"
"1948","No"
"1949","Yes"
"1950","Yes"
"1951","No"
"1952","No"
"1953","No"
"1954","No"
"1955",NA
"1956","Yes"
"1957","Yes"
"1958","Yes"
"1959","No"
"1960","No"
"1961","No"
"1962","Yes"
"1963","No"
"1964","No"
"1965","Yes"
"1966","No"
"1967","Yes"
"1968","No"
"1969","Yes"
"1970","Yes"
"1971","Yes"
"1972","Yes"
"1973","Yes"
"1974","Yes"
"1975","No"
"1976",NA
"1977","No"
"1978","No"
"1979","No"
"1980","No"
"1981","No"
"1982","No"
"1983","No"
"1984","Yes"
"1985","Yes"
"1986","Yes"
"1987",NA
"1988","Yes"
"1989","No"
"1990","Yes"
"1991","No"
"1992","No"
"1993","Yes"
"1994","Yes"
"1995","Yes"
"1996","Yes"
"1997","Yes"
"1998","No"
"1999",NA
"2000","No"
"2001","No"
"2002","No"
"2003","Yes"
"2004","Yes"
"2005","No"
"2006","No"
"2007","Yes"
"2008","Yes"
"2009","No"
"2010","No"
"2011","Yes"
"2012","No"
"2013","No"
"2014","No"
"2015","Yes"
"2016","Yes"
"2017","Yes"
"2018","Yes"
"2019","Yes"
"2020","No"
"2021","Yes"
"2022","No"
"2023","No"
"2024","No"
"2025","Yes"
"2026","No"
"2027","Yes"
"2028","Yes"
"2029","Yes"
"2030","No"
"2031","No"
"2032","Yes"
"2033","Yes"
"2034","No"
"2035","Yes"
"2036","No"
"2037","Yes"
"2038","Yes"
"2039","Yes"
"2040","Yes"
"2041","Yes"
"2042","Yes"
"2043","No"
"2044","No"
"2045","Yes"
"2046","Yes"
"2047","No"
"2048","Yes"
"2049","Yes"
"2050","Yes"
"2051",NA
"2052","Yes"
"2053","Yes"
"2054","Yes"
"2055","Yes"
"2056","No"
"2057","Yes"
"2058","No"
"2059","Yes"
"2060","Yes"
"2061","Yes"
"2062","Yes"
"2063","Yes"
"2064","Yes"
"2065","Yes"
"2066","Yes"
"2067","No"
"2068","Yes"
"2069","Yes"
"2070","Yes"
"2071","Yes"
"2072","No"
"2073","No"
"2074",NA
"2075","Yes"
"2076","No"
"2077","No"
"2078","No"
"2079","Yes"
"2080","No"
"2081","No"
"2082","No"
"2083","Yes"
"2084","Yes"
"2085","No"
"2086","No"
"2087","No"
"2088","Yes"
"2089","Yes"
"2090","No"
"2091","Yes"
"2092","Yes"
"2093","Yes"
"2094","No"
"2095","Yes"
"2096","Yes"
"2097","Yes"
"2098","No"
"2099","Yes"
"2100","Yes"
"2101","No"
"2102","Yes"
"2103","No"
"2104","No"
"2105","Yes"
"2106","No"
"2107","Yes"
"2108","Yes"
"2109","No"
"2110","Yes"
"2111","Yes"
"2112","Yes"
"2113","Yes"
"2114","No"
"2115","No"
"2116","Yes"
"2117","Yes"
"2118","Yes"
"2119","Yes"
"2120","Yes"
"2121","No"
"2122","Yes"
"2123","No"
"2124","Yes"
"2125","No"
"2126","No"
"2127","Yes"
"2128","Yes"
"2129","Yes"
"2130","Yes"
"2131","Yes"
"2132","Yes"
"2133","No"
"2134","Yes"
"2135",NA
"2136","Yes"
"2137","Yes"
"2138","No"
"2139","Yes"
"2140","No"
"2141","Yes"
"2142","No"
"2143","Yes"
"2144","Yes"
"2145","Yes"
"2146","Yes"
"2147","No"
"2148","Yes"
"2149","Yes"
"2150","Yes"
"2151","Yes"
"2152","Yes"
"2153","Yes"
"2154","No"
"2155","Yes"
"2156","No"
"2157","Yes"
"2158","No"
"2159","Yes"
"2160","Yes"
"2161","No"
"2162","Yes"
"2163","Yes"
"2164","Yes"
"2165","No"
"2166","No"
"2167","No"
"2168","No"
"2169","Yes"
"2170","Yes"
"2171","No"
"2172","Yes"
"2173","No"
"2174",NA
"2175","Yes"
"2176","Yes"
"2177","Yes"
"2178","No"
"2179","Yes"
"2180","Yes"
"2181","Yes"
"2182","Yes"
"2183","Yes"
"2184","Yes"
"2185","Yes"
"2186","Yes"
"2187","No"
"2188",NA
"2189","Yes"
"2190",NA
"2191","Yes"
"2192","Yes"
"2193","Yes"
"2194","No"
"2195","No"
"2196","Yes"
"2197","Yes"
"2198","No"
"2199","No"
"2200","No"
"2201","No"
"2202","No"
"2203","Yes"
"2204","Yes"
"2205","No"
"2206","Yes"
"2207","No"
"2208","No"
"2209","Yes"
"2210","Yes"
"2211","Yes"
"2212","No"
"2213","No"
"2214","No"
"2215","Yes"
"2216","Yes"
"2217","Yes"
"2218","Yes"
"2219","Yes"
"2220","Yes"
"2221","No"
"2222","Yes"
"2223","Yes"
"2224","Yes"
"2225","Yes"
"2226","Yes"
"2227","No"
"2228",NA
"2229","Yes"
"2230","No"
"2231","Yes"
"2232","Yes"
"2233","Yes"
"2234",NA
"2235","Yes"
"2236","No"
"2237","Yes"
"2238","Yes"
"2239",NA
"2240","Yes"
"2241","No"
"2242","Yes"
"2243","Yes"
"2244","Yes"
"2245","No"
"2246","Yes"
"2247","No"
"2248","Yes"
"2249","Yes"
"2250","Yes"
"2251","No"
"2252","Yes"
"2253","Yes"
"2254","Yes"
"2255",NA
"2256","Yes"
"2257","No"
"2258","No"
"2259","No"
"2260","No"
"2261","Yes"
"2262","Yes"
"2263","Yes"
"2264","Yes"
"2265","Yes"
"2266","Yes"
"2267","Yes"
"2268","No"
"2269","No"
"2270","Yes"
"2271","No"
"2272","No"
"2273","Yes"
"2274","No"
"2275","No"
"2276","Yes"
"2277","Yes"
"2278","Yes"
"2279","Yes"
"2280","Yes"
"2281","Yes"
"2282","No"
"2283","Yes"
"2284","No"
"2285","Yes"
"2286","No"
"2287","Yes"
"2288","No"
"2289","Yes"
"2290","Yes"
"2291","Yes"
"2292","Yes"
"2293",NA
"2294","No"
"2295","Yes"
"2296","Yes"
"2297","Yes"
"2298","Yes"
"2299","Yes"
"2300","Yes"
"2301","No"
"2302","No"
"2303","No"
"2304","No"
"2305","No"
"2306","No"
"2307","No"
"2308","Yes"
"2309","No"
"2310","No"
"2311","No"
"2312","Yes"
"2313","Yes"
"2314","Yes"
"2315","Yes"
"2316","No"
"2317","No"
"2318","Yes"
"2319","No"
"2320","No"
"2321","Yes"
"2322","No"
"2323","Yes"
"2324","Yes"
"2325","Yes"
"2326","Yes"
"2327","No"
"2328","Yes"
"2329","Yes"
"2330","Yes"
"2331","Yes"
"2332",NA
"2333","No"
"2334","No"
"2335","No"
"2336","No"
"2337","No"
"2338","No"
"2339","Yes"
"2340","No"
"2341","Yes"
"2342","No"
"2343","No"
"2344","Yes"
"2345","Yes"
"2346","Yes"
"2347","No"
"2348","Yes"
"2349","Yes"
"2350","Yes"
"2351",NA
"2352","No"
"2353","Yes"
"2354","No"
"2355","No"
"2356","Yes"
"2357","Yes"
"2358","No"
"2359","Yes"
"2360","No"
"2361","Yes"
"2362","Yes"
"2363","Yes"
"2364","Yes"
"2365","Yes"
"2366","Yes"
"2367","Yes"
"2368","No"
"2369","Yes"
"2370","No"
"2371","No"
"2372","Yes"
"2373","Yes"
"2374","Yes"
"2375","Yes"
"2376","No"
"2377","Yes"
"2378","Yes"
"2379","Yes"
"2380","No"
"2381","Yes"
"2382",NA
"2383","No"
"2384","Yes"
"2385","No"
"2386","Yes"
"2387","No"
"2388","Yes"
"2389","No"
"2390","No"
"2391","No"
"2392","No"
"2393","No"
"2394","Yes"
"2395","Yes"
"2396","Yes"
"2397","Yes"
"2398","Yes"
"2399","No"
"2400","Yes"
"2401","No"
"2402","No"
"2403","No"
"2404","Yes"
"2405","No"
"2406","No"
"2407","Yes"
"2408","Yes"
"2409","Yes"
"2410","Yes"
"2411","No"
"2412","No"
"2413","Yes"
"2414","Yes"
"2415","Yes"
"2416","No"
"2417","No"
"2418","Yes"
"2419","Yes"
"2420","No"
"2421","Yes"
"2422","Yes"
"2423","Yes"
"2424","Yes"
"2425","Yes"
"2426","Yes"
"2427","Yes"
"2428","Yes"
"2429","Yes"
"2430","No"
"2431",NA
"2432","Yes"
"2433","No"
"2434","No"
"2435","Yes"
"2436","Yes"
"2437","No"
"2438","No"
"2439","No"
"2440","No"
"2441","Yes"
"2442","Yes"
"2443","Yes"
"2444",NA
"2445","Yes"
"2446","No"
"2447","Yes"
"2448","Yes"
"2449","Yes"
"2450","No"
"2451","Yes"
"2452","Yes"
"2453","No"
"2454","Yes"
"2455","No"
"2456","No"
"2457","Yes"
"2458","No"
"2459","Yes"
"2460","Yes"
"2461","Yes"
"2462","Yes"
"2463","No"
"2464","No"
"2465","No"
"2466","No"
"2467","Yes"
"2468","Yes"
"2469","Yes"
"2470","No"
"2471","No"
"2472","No"
"2473",NA
"2474","Yes"
"2475","Yes"
"2476","No"
"2477","Yes"
"2478","Yes"
"2479","No"
"2480",NA
"2481","No"
"2482","Yes"
"2483","Yes"
"2484","Yes"
"2485","Yes"
"2486","Yes"
"2487","Yes"
"2488","Yes"
"2489","No"
"2490","Yes"
"2491","Yes"
"2492","Yes"
"2493","Yes"
"2494","Yes"
"2495","No"
"2496","No"
"2497","No"
"2498","No"
"2499",NA
"2500","Yes"
"2501","Yes"
"2502","Yes"
"2503","No"
"2504","Yes"
"2505","No"
"2506","No"
"2507","No"
"2508","No"
"2509","No"
"2510","Yes"
"2511","No"
"2512","Yes"
"2513","Yes"
"2514","Yes"
"2515","Yes"
"2516","No"
"2517","No"
"2518","Yes"
"2519","Yes"
"2520","Yes"
"2521","Yes"
"2522","Yes"
"2523","No"
"2524","No"
"2525","Yes"
"2526","Yes"
"2527","No"
"2528","Yes"
"2529","No"
"2530","No"
"2531","No"
"2532","Yes"
"2533","Yes"
"2534","No"
"2535","No"
"2536","Yes"
"2537","No"
"2538","No"
"2539","Yes"
"2540","Yes"
"2541","No"
"2542","Yes"
"2543",NA
"2544","No"
"2545","Yes"
"2546","Yes"
"2547","Yes"
"2548","Yes"
"2549","No"
"2550","Yes"
"2551","No"
"2552","No"
"2553","No"
"2554","Yes"
"2555","Yes"
"2556","Yes"
"2557","Yes"
"2558","Yes"
"2559","Yes"
"2560","Yes"
"2561","Yes"
"2562","Yes"
"2563","Yes"
"2564",NA
"2565","No"
"2566","Yes"
"2567","Yes"
"2568","Yes"
"2569","Yes"
"2570",NA
"2571","Yes"
"2572","No"
"2573","No"
"2574","No"
"2575","No"
"2576","Yes"
"2577","No"
"2578","Yes"
"2579","Yes"
"2580","Yes"
"2581","No"
"2582","Yes"
"2583","Yes"
"2584","Yes"
"2585","Yes"
"2586","Yes"
"2587","Yes"
"2588","No"
"2589","Yes"
"2590","Yes"
"2591","Yes"
"2592","No"
"2593","Yes"
"2594","Yes"
"2595","Yes"
"2596","Yes"
"2597","Yes"
"2598","No"
"2599","Yes"
"2600","Yes"
"2601","Yes"
"2602","No"
"2603","No"
"2604","Yes"
"2605","Yes"
"2606","No"
"2607","No"
"2608","Yes"
"2609","No"
"2610","Yes"
"2611","Yes"
"2612","Yes"
"2613","No"
"2614","No"
"2615","No"
"2616","Yes"
"2617",NA
"2618","Yes"
"2619","Yes"
"2620","No"
"2621","No"
"2622","No"
"2623","No"
"2624","Yes"
"2625","No"
"2626","Yes"
"2627","Yes"
"2628","No"
"2629","No"
"2630","Yes"
"2631","Yes"
"2632","No"
"2633","Yes"
"2634","Yes"
"2635","Yes"
"2636","Yes"
"2637","Yes"
"2638","Yes"
"2639","Yes"
"2640","No"
"2641","Yes"
"2642","Yes"
"2643","Yes"
"2644","No"
"2645","Yes"
"2646","No"
"2647","Yes"
"2648","Yes"
"2649","Yes"
"2650","Yes"
"2651",NA
"2652","No"
"2653","Yes"
"2654","Yes"
"2655","Yes"
"2656","Yes"
"2657","Yes"
"2658","No"
"2659","Yes"
"2660","Yes"
"2661","Yes"
"2662","Yes"
"2663","No"
"2664","Yes"
"2665","Yes"
"2666","Yes"
"2667","No"
"2668",NA
"2669","Yes"
"2670","Yes"
"2671","No"
"2672","No"
"2673","No"
"2674","No"
"2675","No"
"2676","Yes"
"2677","Yes"
"2678","Yes"
"2679","No"
"2680","No"
"2681","Yes"
"2682","No"
"2683","Yes"
"2684","No"
"2685","Yes"
"2686","No"
"2687","Yes"
"2688","Yes"
"2689","Yes"
"2690","No"
"2691","No"
"2692","Yes"
"2693","No"
"2694","Yes"
"2695","No"
"2696","No"
"2697","Yes"
"2698","No"
"2699",NA
"2700","No"
"2701","Yes"
"2702","No"
"2703","Yes"
"2704","No"
"2705","Yes"
"2706","Yes"
"2707","Yes"
"2708","Yes"
"2709","No"
"2710","No"
"2711","Yes"
"2712",NA
"2713","Yes"
"2714","Yes"
"2715","No"
"2716","No"
"2717","Yes"
"2718","Yes"
"2719","No"
"2720","No"
"2721","Yes"
"2722","Yes"
"2723","No"
"2724","Yes"
"2725","Yes"
"2726","Yes"
"2727","Yes"
"2728","No"
"2729","No"
"2730","Yes"
"2731","Yes"
"2732","Yes"
"2733","No"
"2734","Yes"
"2735","Yes"
"2736","No"
"2737","Yes"
"2738","No"
"2739","No"
"2740","Yes"
"2741","Yes"
"2742","Yes"
"2743","Yes"
"2744","No"
"2745","Yes"
"2746","No"
"2747",NA
"2748","No"
"2749","Yes"
"2750","No"
"2751","Yes"
"2752","No"
"2753","Yes"
"2754","Yes"
"2755","Yes"
"2756","No"
"2757","No"
"2758","No"
"2759","No"
"2760","No"
"2761","No"
"2762","No"
"2763","Yes"
"2764","Yes"
"2765","Yes"
"2766","No"
"2767","Yes"
"2768","No"
"2769","Yes"
"2770","Yes"
"2771","Yes"
"2772","Yes"
"2773","No"
"2774","Yes"
"2775","No"
"2776","No"
"2777","No"
"2778","Yes"
"2779","Yes"
"2780","No"
"2781","Yes"
"2782","Yes"
"2783","Yes"
"2784","No"
"2785","Yes"
"2786","No"
"2787","No"
"2788","Yes"
"2789","No"
"2790","Yes"
"2791","No"
"2792","Yes"
"2793","Yes"
"2794",NA
"2795","Yes"
"2796","No"
"2797","Yes"
"2798","No"
"2799","No"
"2800","Yes"
"2801","No"
"2802","No"
"2803","Yes"
"2804","Yes"
"2805","Yes"
"2806","Yes"
"2807","No"
"2808","No"
"2809","Yes"
"2810","No"
"2811","No"
"2812","Yes"
"2813","No"
"2814","No"
"2815","No"
"2816","Yes"
"2817","No"
"2818","Yes"
"2819","Yes"
"2820","No"
"2821","Yes"
"2822","No"
"2823","Yes"
"2824","Yes"
"2825","No"
"2826",NA
"2827","Yes"
"2828","Yes"
"2829","No"
"2830","Yes"
"2831","Yes"
"2832","Yes"
"2833","No"
"2834","No"
"2835","Yes"
"2836","No"
"2837","Yes"
"2838","Yes"
"2839","No"
"2840","Yes"
"2841","No"
"2842","No"
"2843","No"
"2844","No"
"2845","Yes"
"2846","Yes"
"2847","No"
"2848","No"
"2849","No"
"2850","No"
"2851","Yes"
"2852",NA
"2853","Yes"
"2854",NA
"2855","No"
"2856","No"
"2857","No"
"2858","Yes"
"2859","Yes"
"2860","Yes"
"2861","Yes"
"2862","No"
"2863","Yes"
"2864","Yes"
"2865","Yes"
"2866","Yes"
"2867","Yes"
"2868","Yes"
"2869","Yes"
"2870","Yes"
"2871","Yes"
"2872","No"
"2873","No"
"2874",NA
"2875",NA
"2876","Yes"
"2877","No"
"2878","Yes"
"2879","Yes"
"2880","Yes"
"2881","No"
"2882","Yes"
"2883","No"
"2884","No"
"2885","No"
"2886","No"
"2887","No"
"2888","No"
"2889","No"
"2890",NA
"2891","Yes"
"2892","Yes"
"2893","Yes"
"2894","No"
"2895","No"
"2896","Yes"
"2897","Yes"
"2898","Yes"
"2899","Yes"
"2900","Yes"
"2901","Yes"
"2902","Yes"
"2903","Yes"
"2904","No"
"2905","Yes"
"2906","Yes"
"2907","No"
"2908","No"
"2909",NA
"2910","Yes"
"2911","No"
"2912","No"
"2913","Yes"
"2914","Yes"
"2915","No"
"2916","Yes"
"2917","Yes"
"2918","Yes"
"2919","Yes"
"2920","Yes"
"2921","Yes"
"2922","Yes"
"2923","Yes"
"2924","No"
"2925","No"
"2926","Yes"
"2927","Yes"
"2928","No"
"2929","Yes"
"2930","No"
"2931","Yes"
"2932","No"
"2933","No"
"2934","Yes"
"2935","No"
"2936","Yes"
"2937","Yes"
"2938","Yes"
"2939","No"
"2940","Yes"
"2941","Yes"
"2942","Yes"
"2943","No"
"2944","Yes"
"2945","No"
"2946","Yes"
"2947","No"
"2948","Yes"
"2949","Yes"
"2950","Yes"
"2951","Yes"
"2952","No"
"2953","Yes"
"2954","Yes"
"2955","Yes"
"2956","Yes"
"2957","Yes"
"2958","Yes"
"2959","No"
"2960","Yes"
"2961","Yes"
"2962","Yes"
"2963","No"
"2964","No"
"2965","No"
"2966","No"
"2967","No"
"2968","No"
"2969","Yes"
"2970","No"
"2971","Yes"
"2972","Yes"
"2973","No"
"2974","Yes"
"2975","Yes"
"2976","Yes"
"2977","Yes"
"2978","Yes"
"2979","Yes"
"2980","No"
"2981","Yes"
"2982","No"
"2983","No"
"2984","Yes"
"2985","No"
"2986","No"
"2987","Yes"
"2988","Yes"
"2989","Yes"
"2990","Yes"
"2991","Yes"
"2992","No"
"2993","Yes"
"2994","Yes"
"2995","Yes"
"2996","Yes"
"2997","No"
"2998","No"
"2999","No"
"3000","Yes"
"3001","Yes"
"3002","Yes"
"3003","Yes"
"3004","Yes"
"3005","No"
"3006","Yes"
"3007","Yes"
"3008","Yes"
"3009","Yes"
"3010","Yes"
"3011","Yes"
"3012","Yes"
"3013","No"
"3014",NA
"3015","Yes"
"3016","Yes"
"3017","Yes"
"3018","No"
"3019","No"
"3020","No"
"3021","Yes"
"3022","Yes"
"3023","No"
"3024","No"
"3025",NA
"3026","Yes"
"3027","Yes"
"3028","Yes"
"3029","Yes"
"3030","No"
"3031","No"
"3032","No"
"3033","No"
"3034","Yes"
"3035","Yes"
"3036","Yes"
"3037","No"
"3038",NA
"3039","Yes"
"3040","No"
"3041","No"
"3042","Yes"
"3043","Yes"
"3044","Yes"
"3045","Yes"
"3046","Yes"
"3047","No"
"3048","Yes"
"3049","No"
"3050","Yes"
"3051","Yes"
"3052","Yes"
"3053","No"
"3054","Yes"
"3055","No"
"3056","No"
"3057","Yes"
"3058","No"
"3059","No"
"3060","Yes"
"3061","Yes"
"3062","No"
"3063","Yes"
"3064","No"
"3065","Yes"
"3066","No"
"3067","Yes"
"3068","Yes"
"3069","Yes"
"3070","Yes"
"3071","Yes"
"3072","No"
"3073","No"
"3074","Yes"
"3075","Yes"
"3076","No"
"3077","No"
"3078","Yes"
"3079","No"
"3080","Yes"
"3081","No"
"3082","No"
"3083","Yes"
"3084","Yes"
"3085","Yes"
"3086","No"
"3087","Yes"
"3088","No"
"3089","Yes"
"3090","No"
"3091","Yes"
"3092","Yes"
"3093","Yes"
"3094","Yes"
"3095","No"
"3096","No"
"3097","No"
"3098","No"
"3099","Yes"
"3100","Yes"
"3101","No"
"3102","No"
"3103","Yes"
"3104","No"
"3105","No"
"3106","Yes"
"3107","Yes"
"3108","No"
"3109","No"
"3110","Yes"
"3111","Yes"
"3112","No"
"3113","Yes"
"3114","Yes"
"3115","Yes"
"3116","No"
"3117","No"
"3118","Yes"
"3119","Yes"
"3120","No"
"3121","Yes"
"3122","Yes"
"3123","No"
"3124","No"
"3125","No"
"3126","No"
"3127","No"
"3128","Yes"
"3129","Yes"
"3130","No"
"3131","Yes"
"3132","No"
"3133","No"
"3134","No"
"3135","No"
"3136","No"
"3137","No"
"3138","No"
"3139","Yes"
"3140","No"
"3141","Yes"
"3142","No"
"3143","Yes"
"3144","No"
"3145","Yes"
"3146","Yes"
"3147","Yes"
"3148","Yes"
"3149","Yes"
"3150","Yes"
"3151","No"
"3152","Yes"
"3153","Yes"
"3154","Yes"
"3155","Yes"
"3156","No"
"3157","No"
"3158","No"
"3159","Yes"
"3160","Yes"
"3161","Yes"
"3162","No"
"3163","Yes"
"3164","No"
"3165","Yes"
"3166","No"
"3167","Yes"
"3168",NA
"3169",NA
"3170","Yes"
"3171","Yes"
"3172","Yes"
"3173","Yes"
"3174","Yes"
"3175","Yes"
"3176","No"
"3177","Yes"
"3178","No"
"3179","No"
"3180","Yes"
"3181","Yes"
"3182","No"
"3183","Yes"
"3184","Yes"
"3185","No"
"3186","Yes"
"3187","Yes"
"3188","No"
"3189","Yes"
"3190","No"
"3191","Yes"
"3192","Yes"
"3193",NA
"3194","No"
"3195","Yes"
"3196","Yes"
"3197","Yes"
"3198","Yes"
"3199","Yes"
"3200","Yes"
"3201","No"
"3202","No"
"3203","Yes"
"3204","Yes"
"3205","No"
"3206","No"
"3207","Yes"
"3208","Yes"
"3209","Yes"
"3210","Yes"
"3211","Yes"
"3212","Yes"
"3213","No"
"3214","Yes"
"3215","No"
"3216","No"
"3217","Yes"
"3218","Yes"
"3219","Yes"
"3220","No"
"3221",NA
"3222","Yes"
"3223","Yes"
"3224","No"
"3225","Yes"
"3226","Yes"
"3227","Yes"
"3228","No"
"3229","No"
"3230",NA
"3231","Yes"
"3232","Yes"
"3233","No"
"3234","No"
"3235","No"
"3236","No"
"3237","Yes"
"3238","No"
"3239","Yes"
"3240","Yes"
"3241","Yes"
"3242","Yes"
"3243","Yes"
"3244","Yes"
"3245","No"
"3246","Yes"
"3247","Yes"
"3248","Yes"
"3249","No"
"3250","No"
"3251","Yes"
"3252",NA
"3253","Yes"
"3254","Yes"
"3255","No"
"3256","No"
"3257","No"
"3258","Yes"
"3259","Yes"
"3260","Yes"
"3261","Yes"
"3262","No"
"3263","Yes"
"3264","No"
"3265","Yes"
"3266","Yes"
"3267",NA
"3268","Yes"
"3269","No"
"3270","Yes"
"3271","No"
"3272","Yes"
"3273","No"
"3274","No"
"3275","No"
"3276","No"
"3277","Yes"
"3278","Yes"
"3279","Yes"
"3280","Yes"
"3281","No"
"3282","Yes"
"3283","No"
"3284",NA
"3285","Yes"
"3286","Yes"
"3287",NA
"3288","No"
"3289","Yes"
"3290","Yes"
"3291","Yes"
"3292","Yes"
"3293","Yes"
"3294","No"
"3295","Yes"
"3296","Yes"
"3297","Yes"
"3298","No"
"3299","No"
"3300","Yes"
"3301","No"
"3302","Yes"
"3303","Yes"
"3304","Yes"
"3305","Yes"
"3306","Yes"
"3307","No"
"3308","Yes"
"3309","Yes"
"3310","No"
"3311",NA
"3312","Yes"
"3313","No"
"3314","No"
"3315","Yes"
"3316","Yes"
"3317","Yes"
"3318","Yes"
"3319","Yes"
"3320","Yes"
"3321","Yes"
"3322","Yes"
"3323","Yes"
"3324","No"
"3325","Yes"
"3326","Yes"
"3327","Yes"
"3328","Yes"
"3329","No"
"3330","Yes"
"3331","No"
"3332","Yes"
"3333","No"
"3334","Yes"
"3335","No"
"3336","No"
"3337","No"
"3338","No"
"3339","No"
"3340","Yes"
"3341","Yes"
"3342","No"
"3343","Yes"
"3344","Yes"
"3345","Yes"
"3346","Yes"
"3347","No"
"3348","Yes"
"3349","Yes"
"3350","Yes"
"3351","No"
"3352","Yes"
"3353","Yes"
"3354","Yes"
"3355","Yes"
"3356","Yes"
"3357","No"
"3358","Yes"
"3359","Yes"
"3360","Yes"
"3361","No"
"3362","No"
"3363","Yes"
"3364","No"
"3365","Yes"
"3366","Yes"
"3367",NA
"3368","No"
"3369",NA
"3370","Yes"
"3371","Yes"
"3372","No"
"3373","No"
"3374","Yes"
"3375","No"
"3376","No"
"3377","No"
"3378","Yes"
"3379","Yes"
"3380","No"
"3381","No"
"3382","Yes"
"3383","Yes"
"3384","Yes"
"3385","No"
"3386","Yes"
"3387","No"
"3388","No"
"3389","Yes"
"3390","Yes"
"3391","Yes"
"3392","Yes"
"3393","Yes"
"3394","Yes"
"3395","Yes"
"3396","No"
"3397","No"
"3398","Yes"
"3399","No"
"3400","No"
"3401","Yes"
"3402","No"
"3403","Yes"
"3404","No"
"3405","Yes"
"3406","Yes"
"3407","Yes"
"3408","Yes"
"3409","No"
"3410","Yes"
"3411","Yes"
"3412","Yes"
"3413","No"
"3414","Yes"
"3415","No"
"3416","No"
"3417","Yes"
"3418","No"
"3419","No"
"3420","Yes"
"3421","Yes"
"3422","Yes"
"3423","Yes"
"3424","No"
"3425","Yes"
"3426","Yes"
"3427","Yes"
"3428","No"
"3429","Yes"
"3430","Yes"
"3431","Yes"
"3432","Yes"
"3433","Yes"
"3434",NA
"3435","Yes"
"3436","Yes"
"3437","Yes"
"3438","Yes"
"3439","Yes"
"3440","No"
"3441","No"
"3442","No"
"3443","No"
"3444","Yes"
"3445","No"
"3446","Yes"
"3447","No"
"3448","Yes"
"3449","Yes"
"3450","Yes"
"3451","Yes"
"3452","No"
"3453","Yes"
"3454","Yes"
"3455","Yes"
"3456","Yes"
"3457","Yes"
"3458","No"
"3459","Yes"
"3460","Yes"
"3461","Yes"
"3462","Yes"
"3463","Yes"
"3464","Yes"
"3465","No"
"3466","Yes"
"3467","Yes"
"3468","No"
"3469","Yes"
"3470","Yes"
"3471","Yes"
"3472","No"
"3473","No"
"3474","Yes"
"3475","Yes"
"3476","Yes"
"3477","Yes"
"3478","No"
"3479","Yes"
"3480","Yes"
"3481","No"
"3482","Yes"
"3483","Yes"
"3484","Yes"
"3485","Yes"
"3486","Yes"
"3487","Yes"
"3488","Yes"
"3489","Yes"
"3490","Yes"
"3491","Yes"
"3492",NA
"3493","No"
"3494","Yes"
"3495","Yes"
"3496","No"
"3497","No"
"3498","No"
"3499","No"
"3500","Yes"
"3501","Yes"
"3502","Yes"
"3503","No"
"3504","No"
"3505","Yes"
"3506","Yes"
"3507","No"
"3508","Yes"
"3509","Yes"
"3510","Yes"
"3511","No"
"3512","No"
"3513","Yes"
"3514","No"
"3515","Yes"
"3516","Yes"
"3517","No"
"3518","No"
"3519","Yes"
"3520",NA
"3521","No"
"3522","Yes"
"3523","Yes"
"3524","Yes"
"3525","No"
"3526","No"
"3527","No"
"3528","Yes"
"3529","Yes"
"3530","No"
"3531","No"
"3532","Yes"
"3533","Yes"
"3534","Yes"
"3535","Yes"
"3536","No"
"3537","Yes"
"3538","No"
"3539","Yes"
"3540","Yes"
"3541","No"
"3542","Yes"
"3543","Yes"
"3544","No"
"3545","Yes"
"3546","Yes"
"3547","Yes"
"3548","No"
"3549","Yes"
"3550","Yes"
"3551","Yes"
"3552","Yes"
"3553","Yes"
"3554","No"
"3555","Yes"
"3556","No"
"3557","Yes"
"3558","Yes"
"3559","Yes"
"3560","No"
"3561","Yes"
"3562","No"
"3563","No"
"3564","No"
"3565","Yes"
"3566","Yes"
"3567","Yes"
"3568","Yes"
"3569","Yes"
"3570","Yes"
"3571","Yes"
"3572","Yes"
"3573","Yes"
"3574","Yes"
"3575","Yes"
"3576","Yes"
"3577","No"
"3578","Yes"
"3579","No"
"3580","Yes"
"3581","No"
"3582","Yes"
"3583","Yes"
"3584","No"
"3585","No"
"3586","Yes"
"3587","Yes"
"3588","Yes"
"3589","Yes"
"3590","No"
"3591","Yes"
"3592","Yes"
"3593","No"
"3594","Yes"
"3595","No"
"3596","Yes"
"3597","No"
"3598","No"
"3599","Yes"
"3600","Yes"
"3601","Yes"
"3602","No"
"3603","Yes"
"3604","No"
"3605","No"
"3606","Yes"
"3607","Yes"
"3608",NA
"3609","Yes"
"3610","Yes"
"3611","Yes"
"3612","No"
"3613","No"
"3614","Yes"
"3615","No"
"3616","No"
"3617","No"
"3618","Yes"
"3619","No"
"3620","Yes"
"3621","No"
"3622","Yes"
"3623","No"
"3624","Yes"
"3625","No"
"3626","Yes"
"3627","No"
"3628","Yes"
"3629","Yes"
"3630","Yes"
"3631","Yes"
"3632","No"
"3633","No"
"3634","No"
"3635","Yes"
"3636","Yes"
"3637","No"
"3638","No"
"3639","Yes"
"3640","No"
"3641",NA
"3642","Yes"
"3643","Yes"
"3644","Yes"
"3645","No"
"3646","Yes"
"3647","No"
"3648","Yes"
"3649","No"
"3650","Yes"
"3651","Yes"
"3652","No"
"3653","Yes"
"3654","Yes"
"3655","No"
"3656","Yes"
"3657","No"
"3658","Yes"
"3659","Yes"
"3660","Yes"
"3661","Yes"
"3662",NA
"3663","Yes"
"3664","Yes"
"3665","Yes"
"3666","Yes"
"3667","No"
"3668","Yes"
"3669","Yes"
"3670","Yes"
"3671","No"
"3672","Yes"
"3673","Yes"
"3674","No"
"3675","Yes"
"3676","No"
"3677","Yes"
"3678","No"
"3679","Yes"
"3680","Yes"
"3681","No"
"3682","No"
"3683","Yes"
"3684","No"
"3685","No"
"3686","Yes"
"3687","No"
"3688","No"
"3689","Yes"
"3690","Yes"
"3691","Yes"
"3692","Yes"
"3693","Yes"
"3694","Yes"
"3695","Yes"
"3696","Yes"
"3697","Yes"
"3698","No"
"3699","Yes"
"3700","Yes"
"3701","No"
"3702","No"
"3703","Yes"
"3704","No"
"3705","Yes"
"3706","Yes"
"3707","Yes"
"3708","Yes"
"3709","Yes"
"3710","Yes"
"3711","Yes"
"3712","Yes"
"3713","Yes"
"3714","Yes"
"3715","Yes"
"3716","No"
"3717","Yes"
"3718","Yes"
"3719","Yes"
"3720","Yes"
"3721","Yes"
"3722","No"
"3723","No"
"3724",NA
"3725","No"
"3726","Yes"
"3727","Yes"
"3728","No"
"3729","No"
"3730","No"
"3731","No"
"3732","Yes"
"3733","Yes"
"3734","No"
"3735","No"
"3736","No"
"3737","Yes"
"3738","Yes"
"3739","Yes"
"3740","Yes"
"3741","Yes"
"3742","Yes"
"3743","Yes"
"3744","No"
"3745","No"
"3746","No"
"3747","No"
"3748","No"
"3749","No"
"3750","Yes"
"3751","No"
"3752","No"
"3753","No"
"3754",NA
"3755","Yes"
"3756","Yes"
"3757","Yes"
"3758","Yes"
"3759","No"
"3760","No"
"3761","Yes"
"3762","Yes"
"3763","No"
"3764","Yes"
"3765",NA
"3766","Yes"
"3767","No"
"3768","No"
"3769","Yes"
"3770","Yes"
"3771","Yes"
"3772","Yes"
"3773",NA
"3774","Yes"
"3775","No"
"3776","Yes"
"3777","Yes"
"3778","Yes"
"3779","Yes"
"3780","No"
"3781","No"
"3782","No"
"3783","Yes"
"3784","No"
"3785","No"
"3786",NA
"3787","No"
"3788","Yes"
"3789","Yes"
"3790","Yes"
"3791","No"
"3792","Yes"
"3793","Yes"
"3794","Yes"
"3795","Yes"
"3796","No"
"3797","Yes"
"3798","Yes"
"3799","Yes"
"3800","Yes"
"3801","Yes"
"3802","No"
"3803","Yes"
"3804","Yes"
"3805","No"
"3806","No"
"3807","No"
"3808","No"
"3809","No"
"3810","Yes"
"3811","No"
"3812","Yes"
"3813","Yes"
"3814","Yes"
"3815","Yes"
"3816","No"
"3817","Yes"
"3818",NA
"3819","Yes"
"3820","Yes"
"3821","No"
"3822","No"
"3823","Yes"
"3824","No"
"3825","No"
"3826","Yes"
"3827","Yes"
"3828","No"
"3829","Yes"
"3830","Yes"
"3831","Yes"
"3832","Yes"
"3833","Yes"
"3834","Yes"
"3835","Yes"
"3836","Yes"
"3837","Yes"
"3838","Yes"
"3839","Yes"
"3840","Yes"
"3841","Yes"
"3842","No"
"3843","Yes"
"3844","Yes"
"3845","No"
"3846","No"
"3847","Yes"
"3848","Yes"
"3849","Yes"
"3850","Yes"
"3851","No"
"3852","No"
"3853","Yes"
"3854","Yes"
"3855","Yes"
"3856","Yes"
"3857","Yes"
"3858","Yes"
"3859","No"
"3860","Yes"
"3861","Yes"
"3862","Yes"
"3863","Yes"
"3864","Yes"
"3865","Yes"
"3866","No"
"3867","No"
"3868","No"
"3869","No"
"3870","Yes"
"3871","Yes"
"3872","Yes"
"3873","Yes"
"3874","Yes"
"3875","Yes"
"3876","No"
"3877",NA
"3878","Yes"
"3879","Yes"
"3880","Yes"
"3881","Yes"
"3882","Yes"
"3883","Yes"
"3884","Yes"
"3885","Yes"
"3886","Yes"
"3887","Yes"
"3888","No"
"3889","Yes"
"3890","No"
"3891","Yes"
"3892","Yes"
"3893","No"
"3894","No"
"3895","No"
"3896","Yes"
"3897","Yes"
"3898","No"
"3899","No"
"3900",NA
"3901","Yes"
"3902","Yes"
"3903","Yes"
"3904","No"
"3905","Yes"
"3906","Yes"
"3907","Yes"
"3908","Yes"
"3909","No"
"3910","No"
"3911","Yes"
"3912","No"
"3913","No"
"3914","No"
"3915","Yes"
"3916","Yes"
"3917","Yes"
"3918","Yes"
"3919","No"
"3920","Yes"
"3921",NA
"3922","Yes"
"3923","Yes"
"3924","No"
"3925","Yes"
"3926","Yes"
"3927","No"
"3928","Yes"
"3929","Yes"
"3930","Yes"
"3931","No"
"3932","Yes"
"3933","Yes"
"3934","Yes"
"3935","Yes"
"3936","No"
"3937","No"
"3938","Yes"
"3939","Yes"
"3940","Yes"
"3941","No"
"3942","No"
"3943","No"
"3944","Yes"
"3945","Yes"
"3946","Yes"
"3947","Yes"
"3948","No"
"3949","No"
"3950","Yes"
"3951","Yes"
"3952","No"
"3953","Yes"
"3954","No"
"3955","Yes"
"3956","Yes"
"3957","Yes"
"3958","Yes"
"3959","No"
"3960","Yes"
"3961","Yes"
"3962","Yes"
"3963","Yes"
"3964","Yes"
"3965","No"
"3966","Yes"
"3967","No"
"3968","Yes"
"3969","No"
"3970","Yes"
"3971","Yes"
"3972","Yes"
"3973","No"
"3974","Yes"
"3975","Yes"
"3976","Yes"
"3977","No"
"3978","Yes"
"3979","No"
"3980","Yes"
"3981","Yes"
"3982","No"
"3983","Yes"
"3984","Yes"
"3985",NA
"3986","No"
"3987","Yes"
"3988","Yes"
"3989","Yes"
"3990","Yes"
"3991","Yes"
"3992","No"
"3993","No"
"3994","Yes"
"3995","No"
"3996","Yes"
"3997","No"
"3998","Yes"
"3999","No"
"4000","Yes"
"4001","Yes"
"4002","Yes"
"4003","Yes"
"4004","Yes"
"4005","Yes"
"4006","No"
"4007","No"
"4008","Yes"
"4009","No"
"4010","Yes"
"4011","No"
"4012","Yes"
"4013","Yes"
"4014","Yes"
"4015","Yes"
"4016","Yes"
"4017","No"
"4018","No"
"4019","No"
"4020","Yes"
"4021","Yes"
"4022","Yes"
"4023","Yes"
"4024","Yes"
"4025","Yes"
"4026","Yes"
"4027","Yes"
"4028","Yes"
"4029",NA
"4030","Yes"
"4031","Yes"
"4032","Yes"
"4033","No"
"4034","Yes"
"4035","No"
"4036","Yes"
"4037","Yes"
"4038","No"
"4039","Yes"
"4040","Yes"
"4041","No"
"4042","Yes"
"4043","Yes"
"4044","Yes"
"4045","No"
"4046","No"
"4047","No"
"4048",NA
"4049","No"
"4050","Yes"
"4051","Yes"
"4052","No"
"4053","Yes"
"4054","No"
"4055","Yes"
"4056","No"
"4057","Yes"
"4058","Yes"
"4059","Yes"
"4060","Yes"
"4061","No"
"4062","Yes"
"4063","Yes"
"4064","No"
"4065","Yes"
"4066","Yes"
"4067","Yes"
"4068","Yes"
"4069","Yes"
"4070","No"
"4071","Yes"
"4072","Yes"
"4073","Yes"
"4074","Yes"
"4075","No"
"4076","No"
"4077",NA
"4078",NA
"4079","Yes"
"4080","Yes"
"4081","No"
"4082","No"
"4083","Yes"
"4084","No"
"4085","Yes"
"4086","Yes"
"4087","Yes"
"4088","Yes"
"4089","No"
"4090","Yes"
"4091","Yes"
"4092","No"
"4093","Yes"
"4094","No"
"4095","Yes"
"4096","No"
"4097","Yes"
"4098","Yes"
"4099","Yes"
"4100","No"
"4101","Yes"
"4102","Yes"
"4103","No"
"4104","No"
"4105","No"
"4106","Yes"
"4107","Yes"
"4108","Yes"
"4109","No"
"4110",NA
"4111","Yes"
"4112","Yes"
"4113","Yes"
"4114","Yes"
"4115","No"
"4116","Yes"
"4117","No"
"4118","Yes"
"4119","No"
"4120","Yes"
"4121","Yes"
"4122","No"
"4123","No"
"4124","No"
"4125","No"
"4126",NA
"4127",NA
"4128","No"
"4129","Yes"
"4130","Yes"
"4131","Yes"
"4132","Yes"
"4133","Yes"
"4134",NA
"4135","Yes"
"4136","No"
"4137","Yes"
"4138","No"
"4139","Yes"
"4140","Yes"
"4141","No"
"4142","Yes"
"4143","Yes"
"4144","Yes"
"4145","Yes"
"4146","Yes"
"4147","Yes"
"4148","Yes"
"4149","No"
"4150","Yes"
"4151","No"
"4152","Yes"
"4153","Yes"
"4154","Yes"
"4155","Yes"
"4156","Yes"
"4157","No"
"4158","Yes"
"4159","No"
"4160","Yes"
"4161","Yes"
"4162","No"
"4163","Yes"
"4164","Yes"
"4165","Yes"
"4166","Yes"
"4167","No"
"4168","Yes"
"4169","Yes"
"4170","No"
"4171","No"
"4172","Yes"
"4173","No"
"4174","Yes"
"4175","No"
"4176","No"
"4177","Yes"
"4178","Yes"
"4179","Yes"
"4180","No"
"4181","Yes"
"4182","Yes"
"4183","Yes"
"4184",NA
"4185","No"
"4186","Yes"
"4187","Yes"
"4188","Yes"
"4189","Yes"
"4190","Yes"
"4191","Yes"
"4192","Yes"
"4193","Yes"
"4194","Yes"
"4195","No"
"4196","No"
"4197","No"
"4198","Yes"
"4199","Yes"
"4200","No"
"4201","No"
"4202","Yes"
"4203","Yes"
"4204",NA
"4205","Yes"
"4206","No"
"4207","Yes"
"4208","Yes"
"4209","Yes"
"4210",NA
"4211","Yes"
"4212","No"
"4213","No"
"4214","No"
"4215","No"
"4216","Yes"
"4217","No"
"4218","Yes"
"4219","No"
"4220","Yes"
"4221","Yes"
"4222","No"
"4223","Yes"
"4224","Yes"
"4225","Yes"
"4226","No"
"4227","Yes"
"4228","Yes"
"4229","Yes"
"4230","Yes"
"4231","Yes"
"4232","Yes"
"4233","No"
"4234","Yes"
"4235","No"
"4236","No"
"4237","No"
"4238","Yes"
"4239","Yes"
"4240","No"
"4241","No"
"4242","No"
"4243","Yes"
"4244","Yes"
"4245",NA
"4246","Yes"
"4247","No"
"4248","Yes"
"4249","No"
"4250","No"
"4251","No"
"4252","No"
"4253","Yes"
"4254","Yes"
"4255","Yes"
"4256","Yes"
"4257","No"
"4258","No"
"4259","Yes"
"4260","Yes"
"4261","Yes"
"4262","Yes"
"4263","No"
"4264","Yes"
"4265","Yes"
"4266","Yes"
"4267","No"
"4268",NA
"4269","No"
"4270","Yes"
"4271","No"
"4272","Yes"
"4273","Yes"
"4274","No"
"4275","Yes"
"4276","No"
"4277","Yes"
"4278","No"
"4279","No"
"4280","Yes"
"4281","No"
"4282","Yes"
"4283",NA
"4284","Yes"
"4285","Yes"
"4286","No"
"4287","Yes"
"4288","Yes"
"4289","Yes"
"4290","Yes"
"4291","Yes"
"4292","Yes"
"4293","Yes"
"4294","Yes"
"4295","No"
"4296","No"
"4297","No"
"4298","Yes"
"4299","Yes"
"4300","Yes"
"4301","Yes"
"4302","No"
"4303","Yes"
"4304",NA
"4305","Yes"
"4306","Yes"
"4307","Yes"
"4308","Yes"
"4309","No"
"4310",NA
"4311","No"
"4312","Yes"
"4313","Yes"
"4314","Yes"
"4315","Yes"
"4316","Yes"
"4317","No"
"4318","No"
"4319","Yes"
"4320","Yes"
"4321","Yes"
"4322","Yes"
"4323","Yes"
"4324","No"
"4325","Yes"
"4326","Yes"
"4327","Yes"
"4328","Yes"
"4329","No"
"4330","Yes"
"4331","No"
"4332","Yes"
"4333","Yes"
"4334","Yes"
"4335","Yes"
"4336","Yes"
"4337","Yes"
"4338","Yes"
"4339","Yes"
"4340","No"
"4341","Yes"
"4342","Yes"
"4343","Yes"
"4344","No"
"4345",NA
"4346","No"
"4347","Yes"
"4348","Yes"
"4349","Yes"
"4350","Yes"
"4351","No"
"4352","No"
"4353","No"
"4354","Yes"
"4355","Yes"
"4356","No"
"4357","Yes"
"4358","No"
"4359","Yes"
"4360","Yes"
"4361","Yes"
"4362","Yes"
"4363","Yes"
"4364",NA
"4365",NA
"4366","No"
"4367","No"
"4368","Yes"
"4369","No"
"4370","No"
"4371","Yes"
"4372","Yes"
"4373","Yes"
"4374","No"
"4375","No"
"4376","Yes"
"4377","No"
"4378","No"
"4379","Yes"
"4380","Yes"
"4381","Yes"
"4382","Yes"
"4383","Yes"
"4384","Yes"
"4385","No"
"4386","Yes"
"4387","Yes"
"4388","Yes"
"4389","Yes"
"4390","Yes"
"4391","Yes"
"4392","Yes"
"4393",NA
"4394","Yes"
"4395","Yes"
"4396","Yes"
"4397","Yes"
"4398","Yes"
"4399","No"
"4400","No"
"4401","Yes"
"4402","Yes"
"4403","Yes"
"4404","Yes"
"4405","Yes"
"4406","Yes"
"4407","Yes"
"4408","No"
"4409",NA
"4410","No"
"4411","No"
"4412","No"
"4413","Yes"
"4414","Yes"
"4415","Yes"
"4416","Yes"
"4417","Yes"
"4418","Yes"
"4419","No"
"4420","Yes"
"4421","Yes"
"4422","No"
"4423","No"
"4424","Yes"
"4425","Yes"
"4426","Yes"
"4427","Yes"
"4428","No"
"4429","No"
"4430","Yes"
"4431","Yes"
"4432","Yes"
"4433","No"
"4434",NA
"4435","No"
"4436","No"
"4437","Yes"
"4438","Yes"
"4439","Yes"
"4440","Yes"
"4441","Yes"
"4442","Yes"
"4443","No"
"4444","Yes"
"4445","Yes"
"4446","Yes"
"4447","Yes"
"4448","Yes"
"4449","Yes"
"4450","No"
"4451","Yes"
"4452",NA
"4453","Yes"
"4454","Yes"
"4455","No"
"4456","Yes"
"4457","Yes"
"4458","No"
"4459","No"
"4460","Yes"
"4461","No"
"4462","Yes"
"4463","Yes"
"4464","Yes"
"4465","Yes"
"4466","Yes"
"4467","Yes"
"4468","No"
"4469","Yes"
"4470","Yes"
"4471","No"
"4472","No"
"4473","No"
"4474","Yes"
"4475","Yes"
"4476","No"
"4477","Yes"
"4478","Yes"
"4479","Yes"
"4480","Yes"
"4481","Yes"
"4482","Yes"
"4483","No"
"4484","No"
"4485","Yes"
"4486","Yes"
"4487","Yes"
"4488","Yes"
"4489","No"
"4490","Yes"
"4491","Yes"
"4492","Yes"
"4493","No"
"4494","No"
"4495","Yes"
"4496","Yes"
"4497","No"
"4498","No"
"4499","No"
"4500","Yes"
"4501","Yes"
"4502","No"
"4503","No"
"4504","Yes"
"4505","No"
"4506","Yes"
"4507","Yes"
"4508","No"
"4509","Yes"
"4510","Yes"
"4511","No"
"4512","Yes"
"4513","No"
"4514","No"
"4515","Yes"
"4516","No"
"4517","No"
"4518","No"
"4519","Yes"
"4520","No"
"4521","Yes"
"4522","Yes"
"4523","Yes"
"4524","Yes"
"4525","Yes"
"4526","Yes"
"4527","Yes"
"4528","Yes"
"4529","No"
"4530","Yes"
"4531","No"
"4532","No"
"4533","No"
"4534","Yes"
"4535","Yes"
"4536","Yes"
"4537","No"
"4538","Yes"
"4539","Yes"
"4540",NA
"4541","Yes"
"4542",NA
"4543","Yes"
"4544","No"
"4545","Yes"
"4546","Yes"
"4547","Yes"
"4548","Yes"
"4549","No"
"4550","Yes"
"4551","Yes"
"4552","No"
"4553","Yes"
"4554","No"
"4555","Yes"
"4556","Yes"
"4557","No"
"4558","Yes"
"4559","Yes"
"4560","Yes"
"4561","Yes"
"4562","Yes"
"4563","Yes"
"4564","Yes"
"4565","Yes"
"4566","No"
"4567","No"
"4568","Yes"
"4569","No"
"4570","Yes"
"4571","Yes"
"4572","No"
"4573","Yes"
"4574","Yes"
"4575","Yes"
"4576","Yes"
"4577","No"
"4578","Yes"
"4579","Yes"
"4580","Yes"
"4581","Yes"
"4582","Yes"
"4583","Yes"
"4584","No"
"4585","Yes"
"4586","No"
"4587","Yes"
"4588","Yes"
"4589","Yes"
"4590","Yes"
"4591","Yes"
"4592","Yes"
"4593","No"
"4594","No"
"4595","Yes"
"4596","Yes"
"4597","Yes"
"4598","No"
"4599","Yes"
"4600","Yes"
"4601","No"
"4602","Yes"
"4603","No"
"4604","No"
"4605","No"
"4606","No"
"4607","Yes"
"4608","No"
"4609","Yes"
"4610","Yes"
"4611","No"
"4612","Yes"
"4613","Yes"
"4614","No"
"4615","Yes"
"4616","Yes"
"4617","No"
"4618","Yes"
"4619","Yes"
"4620","Yes"
"4621","Yes"
"4622","Yes"
"4623","Yes"
"4624","No"
"4625","Yes"
"4626","Yes"
"4627","Yes"
"4628","Yes"
"4629","No"
"4630","Yes"
"4631","Yes"
"4632","Yes"
"4633","Yes"
"4634","Yes"
"4635","Yes"
"4636","Yes"
"4637","Yes"
"4638","No"
"4639","No"
"4640","Yes"
"4641","No"
"4642","Yes"
"4643","Yes"
"4644","Yes"
"4645","Yes"
"4646","No"
"4647","Yes"
"4648",NA
"4649","Yes"
"4650","No"
"4651","Yes"
"4652",NA
"4653","No"
"4654","Yes"
"4655","No"
"4656","No"
"4657","Yes"
"4658","Yes"
"4659","Yes"
"4660","Yes"
"4661","Yes"
"4662","Yes"
"4663","No"
"4664","Yes"
"4665","No"
"4666","Yes"
"4667","No"
"4668","No"
"4669","Yes"
"4670","No"
"4671","Yes"
"4672","No"
"4673","No"
"4674","Yes"
"4675","Yes"
"4676","Yes"
"4677","Yes"
"4678","Yes"
"4679","No"
"4680","No"
"4681","Yes"
"4682","No"
"4683","No"
"4684","No"
"4685",NA
"4686","Yes"
"4687","No"
"4688","Yes"
"4689","No"
"4690","Yes"
"4691","No"
"4692","No"
"4693","Yes"
"4694","No"
"4695","No"
"4696","Yes"
"4697",NA
"4698","No"
"4699","Yes"
"4700","Yes"
"4701","No"
"4702","No"
"4703","No"
"4704","No"
"4705","Yes"
"4706","Yes"
"4707","Yes"
"4708","Yes"
"4709","No"
"4710","Yes"
"4711","No"
"4712","No"
"4713","No"
"4714","Yes"
"4715","No"
"4716","Yes"
"4717","Yes"
"4718","No"
"4719","Yes"
"4720","Yes"
"4721","Yes"
"4722","Yes"
"4723","Yes"
"4724","Yes"
"4725","No"
"4726","No"
"4727","No"
"4728","Yes"
"4729",NA
"4730","No"
"4731","No"
"4732","No"
"4733","Yes"
"4734","Yes"
"4735",NA
"4736","Yes"
"4737","No"
"4738",NA
"4739","No"
"4740","Yes"
"4741","Yes"
"4742","Yes"
"4743","Yes"
"4744","Yes"
"4745","Yes"
"4746","No"
"4747","No"
"4748","Yes"
"4749","No"
"4750","No"
"4751",NA
"4752","Yes"
"4753","No"
"4754","Yes"
"4755","Yes"
"4756","Yes"
"4757","Yes"
"4758","Yes"
"4759","Yes"
"4760","No"
"4761","Yes"
"4762","No"
"4763","Yes"
"4764","No"
"4765","Yes"
"4766","No"
"4767",NA
"4768","Yes"
"4769","Yes"
"4770","Yes"
"4771","Yes"
"4772","Yes"
"4773","Yes"
"4774","No"
"4775","No"
"4776",NA
"4777","Yes"
"4778","No"
"4779","Yes"
"4780","Yes"
"4781","No"
"4782","No"
"4783","No"
"4784","Yes"
"4785","Yes"
"4786",NA
"4787",NA
"4788","No"
"4789","Yes"
"4790","Yes"
"4791","Yes"
"4792","No"
"4793","Yes"
"4794","No"
"4795","Yes"
"4796",NA
"4797","No"
"4798","Yes"
"4799","Yes"
"4800","Yes"
"4801","Yes"
"4802","No"
"4803","Yes"
"4804","No"
"4805",NA
"4806","No"
"4807","Yes"
"4808","No"
"4809","Yes"
"4810","Yes"
"4811","Yes"
"4812","Yes"
"4813","Yes"
"4814","Yes"
"4815","Yes"
"4816","Yes"
"4817",NA
"4818","Yes"
"4819","Yes"
"4820","Yes"
"4821","No"
"4822","No"
"4823","Yes"
"4824","Yes"
"4825","Yes"
"4826","Yes"
"4827","No"
"4828","Yes"
"4829","No"
"4830","No"
"4831","Yes"
"4832","Yes"
"4833","Yes"
"4834","Yes"
"4835","No"
"4836","Yes"
"4837","Yes"
"4838","Yes"
"4839","No"
"4840","Yes"
"4841","No"
"4842","Yes"
"4843","No"
"4844","Yes"
"4845","Yes"
"4846","Yes"
"4847","Yes"
"4848","Yes"
"4849","Yes"
"4850","Yes"
"4851","No"
"4852","No"
"4853","No"
"4854","Yes"
"4855","Yes"
"4856","Yes"
"4857","No"
"4858",NA
"4859","Yes"
"4860","Yes"
"4861","Yes"
"4862","No"
"4863","Yes"
"4864","Yes"
"4865","No"
"4866","Yes"
"4867","Yes"
"4868","Yes"
"4869","Yes"
"4870","No"
"4871","No"
"4872","No"
"4873","Yes"
"4874","No"
"4875","Yes"
"4876","Yes"
"4877","Yes"
"4878","No"
"4879","Yes"
"4880","Yes"
"4881","Yes"
"4882","No"
"4883","Yes"
"4884","No"
"4885","No"
"4886","Yes"
"4887","Yes"
"4888","Yes"
"4889","No"
"4890","Yes"
"4891","Yes"
"4892","No"
"4893","Yes"
"4894","No"
"4895","Yes"
"4896","Yes"
"4897","Yes"
"4898","No"
